Workbook

Sheet Summary
A1: ⚡ Powell 2026 Electricity Forecast – Annual Summary
A2: All values pulled live from Billing Period Forecast sheet via formulas.
A4: Annual kWh | B4: Annual kW (avg) | C4: Total Energy $ | D4: Total Demand $ | E4: Total Pretax $ | F4: Total Bill $
A5: ='Billing Period Forecast'!G17 -> 1407524.1 | B5: ='Billing Period Forecast'!H17 -> 290.63153 | C5: ='Billing Period Forecast'!L17 -> 95007.875 | D5: ='Billing Period Forecast'!M17 -> 47954.203 | E5: ='Billing Period Forecast'!P17 -> 135009.31 | F5: ='Billing Period Forecast'!R17 -> 141759.78
A6: ← Billing Period Forecast | B6: ← Billing Period Forecast | C6: ← Billing Period Forecast | D6: ← Billing Period Forecast | E6: ← Billing Period Forecast | F6: ← Billing Period Forecast
A8: Period-by-Period Forecast Summary
A9: Period | B9: Start | C9: End | D9: kWh Pred | E9: kW Pred | F9: Total Bill ($)
A10: ='Billing Period Forecast'!A5 -> 1 | B10: ='Billing Period Forecast'!B5 -> 46022 | C10: ='Billing Period Forecast'!C5 -> 46051 | D10: ='Billing Period Forecast'!G5 -> 106099.23 | E10: ='Billing Period Forecast'!H5 -> 281.6473 | F10: ='Billing Period Forecast'!R5 -> 10566.595
A11: ='Billing Period Forecast'!A6 -> 2 | B11: ='Billing Period Forecast'!B6 -> 46052 | C11: ='Billing Period Forecast'!C6 -> 46083 | D11: ='Billing Period Forecast'!G6 -> 126652.3 | E11: ='Billing Period Forecast'!H6 -> 281.6473 | F11: ='Billing Period Forecast'!R6 -> 11972.065
A12: ='Billing Period Forecast'!A7 -> 3 | B12: ='Billing Period Forecast'!B7 -> 46084 | C12: ='Billing Period Forecast'!C7 -> 46111 | D12: ='Billing Period Forecast'!G7 -> 104095.32 | E12: ='Billing Period Forecast'!H7 -> 281.6473 | F12: ='Billing Period Forecast'!R7 -> 10500.845
A13: ='Billing Period Forecast'!A8 -> 4 | B13: ='Billing Period Forecast'!B8 -> 46112 | C13: ='Billing Period Forecast'!C8 -> 46141 | D13: ='Billing Period Forecast'!G8 -> 117392.75 | E13: ='Billing Period Forecast'!H8 -> 281.6473 | F13: ='Billing Period Forecast'!R8 -> 11868.867
A14: ='Billing Period Forecast'!A9 -> 5 | B14: ='Billing Period Forecast'!B9 -> 46142 | C14: ='Billing Period Forecast'!C9 -> 46171 | D14: ='Billing Period Forecast'!G9 -> 124895.41 | E14: ='Billing Period Forecast'!H9 -> 281.6473 | F14: ='Billing Period Forecast'!R9 -> 12400.618
A15: ='Billing Period Forecast'!A10 -> 6 | B15: ='Billing Period Forecast'!B10 -> 46172 | C15: ='Billing Period Forecast'!C10 -> 46202 | D15: ='Billing Period Forecast'!G10 -> 129449.61 | E15: ='Billing Period Forecast'!H10 -> 308.6 | F15: ='Billing Period Forecast'!R10 -> 13052.794
A16: ='Billing Period Forecast'!A11 -> 7 | B16: ='Billing Period Forecast'!B11 -> 46203 | C16: ='Billing Period Forecast'!C11 -> 46231 | D16: ='Billing Period Forecast'!G11 -> 117206.33 | E16: ='Billing Period Forecast'!H11 -> 308.6 | F16: ='Billing Period Forecast'!R11 -> 11944.975
A17: ='Billing Period Forecast'!A12 -> 8 | B17: ='Billing Period Forecast'!B12 -> 46232 | C17: ='Billing Period Forecast'!C12 -> 46261 | D17: ='Billing Period Forecast'!G12 -> 115454.17 | E17: ='Billing Period Forecast'!H12 -> 308.6 | F17: ='Billing Period Forecast'!R12 -> 12019.02
A18: ='Billing Period Forecast'!A13 -> 9 | B18: ='Billing Period Forecast'!B13 -> 46262 | C18: ='Billing Period Forecast'!C13 -> 46290 | D18: ='Billing Period Forecast'!G13 -> 110177.97 | E18: ='Billing Period Forecast'!H13 -> 308.6 | F18: ='Billing Period Forecast'!R13 -> 11726.633
A19: ='Billing Period Forecast'!A14 -> 10 | B19: ='Billing Period Forecast'!B14 -> 46291 | C19: ='Billing Period Forecast'!C14 -> 46323 | D19: ='Billing Period Forecast'!G14 -> 129924.98 | E19: ='Billing Period Forecast'!H14 -> 281.6473 | F19: ='Billing Period Forecast'!R14 -> 12682.277
A20: ='Billing Period Forecast'!A15 -> 11 | B20: ='Billing Period Forecast'!B15 -> 46324 | C20: ='Billing Period Forecast'!C15 -> 46353 | D20: ='Billing Period Forecast'!G15 -> 104968.23 | E20: ='Billing Period Forecast'!H15 -> 281.6473 | F20: ='Billing Period Forecast'!R15 -> 10910.361
A21: ='Billing Period Forecast'!A16 -> 12 | B21: ='Billing Period Forecast'!B16 -> 46354 | C21: ='Billing Period Forecast'!C16 -> 46385 | D21: ='Billing Period Forecast'!G16 -> 121207.78 | E21: ='Billing Period Forecast'!H16 -> 281.6473 | F21: ='Billing Period Forecast'!R16 -> 12114.73
A22: ANNUAL TOTAL | D22: =SUM(D10:D21) -> 1407524.1 | E22: =AVERAGE(E10:E21) -> 290.63153 | F22: =SUM(F10:F21) -> 141759.78

Sheet Assumptions
A1: ⚡ Powell 2026 Electricity Forecast – Assumptions
A2: Blue cells = editable inputs. All forecast sheets pull from here via formulas.
A4: A. 2026 Rate Assumptions (from 2025 actuals – edit if rates change)
A5: Parameter | B5: Value | C5: Unit | D5: Notes
A6: Energy Rate | B6: 0.0675 | C6: $/kWh | D6: 2025 median energy subtotal / kWh
A7: Demand Rate | B7: 13.75 | C7: $/kW | D7: 2025 median demand subtotal / kW
A8: Basic Rate | B8: 1 | C8: $/day | D8: 2025 median basic charge / day
A9: GST Rate | B9: 0.05 | C9: % | D9: Applied to pretax total
A10: Transformer Charge | B10: 0 | C10: $ | D10: Carry-forward from 2025 template (zero)
A12: B. kWh Regression Coefficients (OLS – edit to update model)
A13: Coefficient | B13: Value | C13: Std Err | D13: p-value
A14: Intercept (β₀) | B14: -49960 | C14: 29300 | D14: 0.103
A15: Days (β₁) | B15: 3740.32 | C15: 785.79 | D15: 0
A16: Production kg (β₂) | B16: 0.0943 | C16: 0.027 | D16: 0.003
A17: Summer flag (β₃) | B17: 9124.51 | C17: 2336.38 | D17: 0.001
A19: C. kW Seasonal Model (edit to update demand forecast)
A20: Parameter | B20: Value | C20: Unit | D20: Notes
A21: Non-Summer avg kW | B21: 281.6473 | C21: kW | D21: Mean kW from non-summer billing periods
A22: Summer uplift kW | B22: 26.9527 | C22: kW | D22: Additional kW in summer (May–Aug)

Sheet Monthly Budget
A1: 2026 Monthly Production Budget
A2: Source: Quantity 2026.xlsx – Grand Total row. Blue = editable budget inputs.
A4: Month | B4: Month # | C4: Production (kg) | D4: Days in Month | E4: kg/Day | F4: Summer?
A5: JAN | B5: 1 | C5: 497070.41 | D5: 31 | E5: =C5/D5 -> 16034.529 | F5: No
A6: FEB | B6: 2 | C6: 534195.55 | D6: 28 | E6: =C6/D6 -> 19078.412 | F6: No
A7: MAR | B7: 3 | C7: 579123.26 | D7: 31 | E7: =C7/D7 -> 18681.395 | F7: No
A8: APR | B8: 4 | C8: 585601.67 | D8: 30 | E8: =C8/D8 -> 19520.056 | F8: No
A9: MAY | B9: 5 | C9: 689273.78 | D9: 31 | E9: =C9/D9 -> 22234.638 | F9: Yes
A10: JUN | B10: 6 | C10: 550060.96 | D10: 30 | E10: =C10/D10 -> 18335.365 | F10: Yes
A11: JUL | B11: 7 | C11: 561713.79 | D11: 31 | E11: =C11/D11 -> 18119.8 | F11: Yes
A12: AUG | B12: 8 | C12: 474283.37 | D12: 31 | E12: =C12/D12 -> 15299.464 | F12: Yes
A13: SEP | B13: 9 | C13: 467951.97 | D13: 30 | E13: =C13/D13 -> 15598.399 | F13: No
A14: OCT | B14: 10 | C14: 576462.99 | D14: 31 | E14: =C14/D14 -> 18595.58 | F14: No
A15: NOV | B15: 11 | C15: 441356.66 | D15: 30 | E15: =C15/D15 -> 14711.889 | F15: No
A16: DEC | B16: 12 | C16: 536359.36 | D16: 31 | E16: =C16/D16 -> 17301.915 | F16: No
A17: ANNUAL TOTAL | C17: =SUM(C5:C16) -> 6493453.8

Sheet Billing Period Forecast
A1: 2026 Billing Period Electricity Forecast
A2: Green text = pulls from Assumptions sheet | Blue text = hardcoded input | Black text = formula | 🟡 = Summer period (May–Aug)
A3: Period Info | G3: Regression Inputs | I3: Usage Forecast | K3: Bill Components ($) | P3: Pretax ($) | Q3: GST ($) | R3: Total Bill ($) | S3: Check
A4: Period # | B4: Start Date | C4: End Date | D4: Days | E4: Summer | F4: Prorated Prod (kg) | G4: kWh Predicted (Regression) | H4: kW Predicted (Seasonal) | I4: Energy Rate ($/kWh) | J4: Demand Rate ($/kW) | K4: Basic ($) | L4: Energy ($) | M4: Demand ($) | N4: Rate Rider ($) | O4: Credit ($) | P4: Pretax ($) | Q4: GST ($) | R4: Total Bill ($) | S4: Rate Rider (hardcoded) | T4: Credit (hardcoded) | U4: Actual Bill | V4: Variance | W4: Variance (%)
A5: 1 | B5: 46022 | C5: 46051 | D5: =C5-B5+1 -> 30 | E5: 0 | F5: 465001.35 | G5: =Assumptions!$B$14+Assumptions!$B$15*D5+Assumptions!$B$16*F5+Assumptions!$B$17*E5 -> 106099.23 | H5: =Assumptions!$B$21+Assumptions!$B$22*E5 -> 281.6473 | I5: =Assumptions!$B$6 -> 0.0675 | J5: =Assumptions!$B$7 -> 13.75 | K5: =D5*Assumptions!$B$8 -> 30 | L5: =G5*I5 -> 7161.6978 | M5: =H5*J5 -> 3872.6504 | N5: =S5 -> -534.50448 | O5: =T5 -> -466.42 | P5: =SUM(K5,L5,M5,N5,O5) -> 10063.424 | Q5: =P5*Assumptions!$B$9 -> 503.17119 | R5: =P5+Q5 -> 10566.595 | S5: -534.50448 | T5: -466.42 | U5: 11212.09 | V5: =U5-R5 -> 645.49508 | W5: =V5/U5 -> 0.057571343
A6: 2 | B6: 46052 | C6: 46083 | D6: =C6-B6+1 -> 32 | E6: 0 | F6: 603627.4 | G6: =Assumptions!$B$14+Assumptions!$B$15*D6+Assumptions!$B$16*F6+Assumptions!$B$17*E6 -> 126652.3 | H6: =Assumptions!$B$21+Assumptions!$B$22*E6 -> 281.6473 | I6: =Assumptions!$B$6 -> 0.0675 | J6: =Assumptions!$B$7 -> 13.75 | K6: =D6*Assumptions!$B$8 -> 32 | L6: =G6*I6 -> 8549.0305 | M6: =H6*J6 -> 3872.6504 | N6: =S6 -> -554.20435 | O6: =T6 -> -497.51 | P6: =SUM(K6,L6,M6,N6,O6) -> 11401.967 | Q6: =P6*Assumptions!$B$9 -> 570.09833 | R6: =P6+Q6 -> 11972.065 | S6: -554.20435 | T6: -497.51 | U6: 12527.05 | V6: =U6-R6 -> 554.98514 | W6: =V6/U6 -> 0.04430294
A7: 3 | B7: 46084 | C7: 46111 | D7: =C7-B7+1 -> 28 | E7: 0 | F7: 523079.07 | G7: =Assumptions!$B$14+Assumptions!$B$15*D7+Assumptions!$B$16*F7+Assumptions!$B$17*E7 -> 104095.32 | H7: =Assumptions!$B$21+Assumptions!$B$22*E7 -> 281.6473 | I7: =Assumptions!$B$6 -> 0.0675 | J7: =Assumptions!$B$7 -> 13.75 | K7: =D7*Assumptions!$B$8 -> 28 | L7: =G7*I7 -> 7026.4339 | M7: =H7*J7 -> 3872.6504 | N7: =S7 -> -490.95965 | O7: =T7 -> -435.32 | P7: =SUM(K7,L7,M7,N7,O7) -> 10000.805 | Q7: =P7*Assumptions!$B$9 -> 500.04023 | R7: =P7+Q7 -> 10500.845 | S7: -490.95965 | T7: -435.32
A8: 4 | B8: 46112 | C8: 46141 | D8: =C8-B8+1 -> 30 | E8: 0 | F8: 584763.01 | G8: =Assumptions!$B$14+Assumptions!$B$15*D8+Assumptions!$B$16*F8+Assumptions!$B$17*E8 -> 117392.75 | H8: =Assumptions!$B$21+Assumptions!$B$22*E8 -> 281.6473 | I8: =Assumptions!$B$6 -> 0.0675 | J8: =Assumptions!$B$7 -> 13.75 | K8: =D8*Assumptions!$B$8 -> 30 | L8: =G8*I8 -> 7924.0107 | M8: =H8*J8 -> 3872.6504 | N8: =S8 -> -522.9783 | O8: =T8 -> 0 | P8: =SUM(K8,L8,M8,N8,O8) -> 11303.683 | Q8: =P8*Assumptions!$B$9 -> 565.18414 | R8: =P8+Q8 -> 11868.867 | S8: -522.9783 | T8: 0
A9: 5 | B9: 46142 | C9: 46171 | D9: =C9-B9+1 -> 30 | E9: 0 | F9: 664324.56 | G9: =Assumptions!$B$14+Assumptions!$B$15*D9+Assumptions!$B$16*F9+Assumptions!$B$17*E9 -> 124895.41 | H9: =Assumptions!$B$21+Assumptions!$B$22*E9 -> 281.6473 | I9: =Assumptions!$B$6 -> 0.0675 | J9: =Assumptions!$B$7 -> 13.75 | K9: =D9*Assumptions!$B$8 -> 30 | L9: =G9*I9 -> 8430.4399 | M9: =H9*J9 -> 3872.6504 | N9: =S9 -> -522.9783 | O9: =T9 -> 0 | P9: =SUM(K9,L9,M9,N9,O9) -> 11810.112 | Q9: =P9*Assumptions!$B$9 -> 590.5056 | R9: =P9+Q9 -> 12400.618 | S9: -522.9783 | T9: 0
A10: 6 | B10: 46172 | C10: 46202 | D10: =C10-B10+1 -> 31 | E10: 1 | F10: 576194.87 | G10: =Assumptions!$B$14+Assumptions!$B$15*D10+Assumptions!$B$16*F10+Assumptions!$B$17*E10 -> 129449.61 | H10: =Assumptions!$B$21+Assumptions!$B$22*E10 -> 308.6 | I10: =Assumptions!$B$6 -> 0.0675 | J10: =Assumptions!$B$7 -> 13.75 | K10: =D10*Assumptions!$B$8 -> 31 | L10: =G10*I10 -> 8737.8484 | M10: =H10*J10 -> 4243.25 | N10: =S10 -> -580.86634 | O10: =T10 -> 0 | P10: =SUM(K10,L10,M10,N10,O10) -> 12431.232 | Q10: =P10*Assumptions!$B$9 -> 621.5616 | R10: =P10+Q10 -> 13052.794 | S10: -580.86634 | T10: 0
A11: 7 | B11: 46203 | C11: 46231 | D11: =C11-B11+1 -> 29 | E11: 1 | F11: 525689.76 | G11: =Assumptions!$B$14+Assumptions!$B$15*D11+Assumptions!$B$16*F11+Assumptions!$B$17*E11 -> 117206.33 | H11: =Assumptions!$B$21+Assumptions!$B$22*E11 -> 308.6 | I11: =Assumptions!$B$6 -> 0.0675 | J11: =Assumptions!$B$7 -> 13.75 | K11: =D11*Assumptions!$B$8 -> 29 | L11: =G11*I11 -> 7911.4276 | M11: =H11*J11 -> 4243.25 | N11: =S11 -> -589.83061 | O11: =T11 -> -217.68 | P11: =SUM(K11,L11,M11,N11,O11) -> 11376.167 | Q11: =P11*Assumptions!$B$9 -> 568.80835 | R11: =P11+Q11 -> 11944.975 | S11: -589.83061 | T11: -217.68
A12: 8 | B12: 46232 | C12: 46261 | D12: =C12-B12+1 -> 30 | E12: 1 | F12: 467444.92 | G12: =Assumptions!$B$14+Assumptions!$B$15*D12+Assumptions!$B$16*F12+Assumptions!$B$17*E12 -> 115454.17 | H12: =Assumptions!$B$21+Assumptions!$B$22*E12 -> 308.6 | I12: =Assumptions!$B$6 -> 0.0675 | J12: =Assumptions!$B$7 -> 13.75 | K12: =D12*Assumptions!$B$8 -> 30 | L12: =G12*I12 -> 7793.1562 | M12: =H12*J12 -> 4243.25 | N12: =S12 -> -619.72045 | O12: =T12 -> 0 | P12: =SUM(K12,L12,M12,N12,O12) -> 11446.686 | Q12: =P12*Assumptions!$B$9 -> 572.33429 | R12: =P12+Q12 -> 12019.02 | S12: -619.72045 | T12: 0
A13: 9 | B13: 46262 | C13: 46290 | D13: =C13-B13+1 -> 29 | E13: 1 | F13: 451157.83 | G13: =Assumptions!$B$14+Assumptions!$B$15*D13+Assumptions!$B$16*F13+Assumptions!$B$17*E13 -> 110177.97 | H13: =Assumptions!$B$21+Assumptions!$B$22*E13 -> 308.6 | I13: =Assumptions!$B$6 -> 0.0675 | J13: =Assumptions!$B$7 -> 13.75 | K13: =D13*Assumptions!$B$8 -> 29 | L13: =G13*I13 -> 7437.0132 | M13: =H13*J13 -> 4243.25 | N13: =S13 -> -541.0412 | O13: =T13 -> 0 | P13: =SUM(K13,L13,M13,N13,O13) -> 11168.222 | Q13: =P13*Assumptions!$B$9 -> 558.4111 | R13: =P13+Q13 -> 11726.633 | S13: -541.0412 | T13: 0
A14: 10 | B14: 46291 | C14: 46323 | D14: =C14-B14+1 -> 33 | E14: 0 | F14: 598668.24 | G14: =Assumptions!$B$14+Assumptions!$B$15*D14+Assumptions!$B$16*F14+Assumptions!$B$17*E14 -> 129924.98 | H14: =Assumptions!$B$21+Assumptions!$B$22*E14 -> 281.6473 | I14: =Assumptions!$B$6 -> 0.0675 | J14: =Assumptions!$B$7 -> 13.75 | K14: =D14*Assumptions!$B$8 -> 33 | L14: =G14*I14 -> 8769.9358 | M14: =H14*J14 -> 3872.6504 | N14: =S14 -> -597.22739 | O14: =T14 -> 0 | P14: =SUM(K14,L14,M14,N14,O14) -> 12078.359 | Q14: =P14*Assumptions!$B$9 -> 603.91794 | R14: =P14+Q14 -> 12682.277 | S14: -597.22739 | T14: 0
A15: 11 | B15: 46324 | C15: 46353 | D15: =C15-B15+1 -> 30 | E15: 0 | F15: 453007.73 | G15: =Assumptions!$B$14+Assumptions!$B$15*D15+Assumptions!$B$16*F15+Assumptions!$B$17*E15 -> 104968.23 | H15: =Assumptions!$B$21+Assumptions!$B$22*E15 -> 281.6473 | I15: =Assumptions!$B$6 -> 0.0675 | J15: =Assumptions!$B$7 -> 13.75 | K15: =D15*Assumptions!$B$8 -> 30 | L15: =G15*I15 -> 7085.3555 | M15: =H15*J15 -> 3872.6504 | N15: =S15 -> -597.18608 | O15: =T15 -> 0 | P15: =SUM(K15,L15,M15,N15,O15) -> 10390.82 | Q15: =P15*Assumptions!$B$9 -> 519.54099 | R15: =P15+Q15 -> 10910.361 | S15: -597.18608 | T15: 0
A16: 12 | B16: 46354 | C16: 46385 | D16: =C16-B16+1 -> 32 | E16: 0 | F16: 545891.19 | G16: =Assumptions!$B$14+Assumptions!$B$15*D16+Assumptions!$B$16*F16+Assumptions!$B$17*E16 -> 121207.78 | H16: =Assumptions!$B$21+Assumptions!$B$22*E16 -> 281.6473 | I16: =Assumptions!$B$6 -> 0.0675 | J16: =Assumptions!$B$7 -> 13.75 | K16: =D16*Assumptions!$B$8 -> 32 | L16: =G16*I16 -> 8181.5251 | M16: =H16*J16 -> 3872.6504 | N16: =S16 -> -548.33701 | O16: =T16 -> 0 | P16: =SUM(K16,L16,M16,N16,O16) -> 11537.838 | Q16: =P16*Assumptions!$B$9 -> 576.89192 | R16: =P16+Q16 -> 12114.73 | S16: -548.33701 | T16: 0
A17: ANNUAL TOTAL / AVERAGE | F17: =SUM(F5:F16) -> 6458849.9 | G17: =SUM(G5:G16) -> 1407524.1 | H17: =AVERAGE(H5:H16) -> 290.63153 | I17: =AVERAGE(I5:I16) -> 0.0675 | J17: =AVERAGE(J5:J16) -> 13.75 | K17: =SUM(K5:K16) -> 364 | L17: =SUM(L5:L16) -> 95007.875 | M17: =SUM(M5:M16) -> 47954.203 | N17: =SUM(N5:N16) -> -6699.8342 | O17: =SUM(O5:O16) -> -1616.93 | P17: =SUM(P5:P16) -> 135009.31 | Q17: =SUM(Q5:Q16) -> 6750.4657 | R17: =SUM(R5:R16) -> 141759.78
